[
    {
        "word": "nectarine",
        "hint": "Fuzzless fuzzy fruit"
    },
    {
        "word": "xylophone",
        "hint": "Percussion instrument played with mallets"
    },
    {
        "word": "piano",
        "hint": "Instrument whose name means 'soft'"
    },
    {
        "word": "glove",
        "hint": "Appendage covering"
    },
    {
        "word": "absolutely",
        "hint": "Without a doubt"
    },
    {
        "word": "newspaper",
        "hint": "Read all over"
    },
    {
        "word": "carousel",
        "hint": "Goes round and round"
    },
    {
        "word": "quarry",
        "hint": "Stone mine"
    },
    {
        "word": "quicksand",
        "hint": "You sink in it"
    },
    {
        "word": "mummy",
        "hint": "Wrapped in bandages"
    }
    
]